{"count":1,"self":230.2036224,"total":790.01023579999992,"children":{"InitializeActuators":{"count":24,"self":0.00099669999999999989,"total":0.00099669999999999989,"children":null},"InitializeSensors":{"count":24,"self":0,"total":0,"children":null},"AgentSendState":{"count":416817,"self":2.3535188,"total":10.832882399999999,"children":{"CollectObservations":{"count":2000736,"self":1.0627677,"total":1.0627677,"children":null},"WriteActionMask":{"count":2000736,"self":0.40472569999999997,"total":0.40472569999999997,"children":null},"RequestDecision":{"count":2000736,"self":1.7966643999999998,"total":7.0118703,"children":{"AgentInfo.ToProto":{"count":2000736,"self":1.201889,"total":5.2152059999999993,"children":{"GenerateSensorData":{"count":2000736,"self":4.0133168,"total":4.013317,"children":null}}}}}}},"DecideAction":{"count":416817,"self":537.5213056,"total":537.5212958,"children":null},"AgentAct":{"count":416817,"self":11.3129312,"total":11.316939099999999,"children":{"AgentInfo.ToProto":{"count":1155,"self":0.0009966,"total":0.0040083,"children":{"GenerateSensorData":{"count":1155,"self":0.0030117,"total":0.0030117,"children":null}}}}},"AgentInfo.ToProto":{"count":24477,"self":0.0602044,"total":0.134497,"children":{"GenerateSensorData":{"count":24477,"self":0.0742926,"total":0.0742926,"children":null}}}},"gauges":{"MoveToOpponent.CumulativeReward":{"count":25632,"max":260.70282,"min":-144.43399,"runningAverage":177.713989,"value":199.043167,"weightedAverage":198.942627}},"metadata":{"timer_format_version":"0.1.0","start_time_seconds":"1690238748","unity_version":"2021.3.28f1","command_line_arguments":"C:\\Program Files\\Unity\\Hub\\Editor\\2021.3.28f1\\Editor\\Unity.exe -projectpath C:\\Users\\Ezra\\Gladiator -useHub -hubIPC -cloudEnvironment production -licensingIpc LicenseClient-Ezra -hubSessionId 663fd331-3512-4019-bdac-847f79ee3bc4 -accessToken wmF6RbjgdjxRzjIJzWTLUHTq8RHwioNylxzcsy5VJP0001f","communication_protocol_version":"1.5.0","com.unity.ml-agents_version":"2.0.1","scene_name":"TrainingGrounds","end_time_seconds":"1690239538"}}