{"count":1,"self":177.50895359999998,"total":967.6056946,"children":{"InitializeActuators":{"count":164,"self":0.0015013,"total":0.0015013,"children":null},"InitializeSensors":{"count":164,"self":0.0039997999999999995,"total":0.0039997999999999995,"children":null},"AgentSendState":{"count":94486,"self":1.8757378,"total":15.7115654,"children":{"CollectObservations":{"count":1867673,"self":1.0715497,"total":1.0715497,"children":null},"WriteActionMask":{"count":1867673,"self":0.308404,"total":0.308404,"children":null},"RequestDecision":{"count":1867673,"self":1.5185389999999999,"total":12.4558739,"children":{"AgentInfo.ToProto":{"count":1867673,"self":1.1109522,"total":10.9373349,"children":{"GenerateSensorData":{"count":1867673,"self":9.8263824,"total":9.8263827,"children":null}}}}}}},"DecideAction":{"count":94486,"self":770.29401599999994,"total":770.29400349999992,"children":null},"AgentAct":{"count":94486,"self":4.0674584,"total":4.0796886,"children":{"AgentInfo.ToProto":{"count":1525,"self":0.0022535999999999997,"total":0.0122302,"children":{"GenerateSensorData":{"count":1525,"self":0.0099766,"total":0.0099766,"children":null}}}}},"AgentInfo.ToProto":{"count":516,"self":0.0019928,"total":0.0059803,"children":{"GenerateSensorData":{"count":516,"self":0.0039875,"total":0.0039875,"children":null}}}},"gauges":{"MoveToOpponent.CumulativeReward":{"count":2041,"max":108.275177,"min":-287.96582,"runningAverage":-134.525742,"value":24.5224323,"weightedAverage":-12.7328157}},"metadata":{"timer_format_version":"0.1.0","start_time_seconds":"1690484135","unity_version":"2021.3.28f1","command_line_arguments":"C:\\Program Files\\Unity\\Hub\\Editor\\2021.3.28f1\\Editor\\Unity.exe -projectpath C:\\Users\\Ezra\\Gladiator -useHub -hubIPC -cloudEnvironment production -licensingIpc LicenseClient-Ezra -hubSessionId ab59b796-6138-4791-a39d-d9085d10eed8 -accessToken YxfjseKDcRNVolf9_7n1Tw8OJoJy26ni943S7UIntFk001f","communication_protocol_version":"1.5.0","com.unity.ml-agents_version":"2.0.1","scene_name":"TrainingGrounds","end_time_seconds":"1690485102"}}