{"count":1,"self":1700.5863935999998,"total":5316.6654149999995,"children":{"InitializeActuators":{"count":1008,"self":0.0067887,"total":0.0067887,"children":null},"InitializeSensors":{"count":1008,"self":0.0074915,"total":0.0074915,"children":null},"AgentSendState":{"count":789296,"self":16.5508704,"total":114.7596109,"children":{"CollectObservations":{"count":14733936,"self":8.9471239999999987,"total":8.9471239999999987,"children":null},"WriteActionMask":{"count":14733936,"self":2.8827344,"total":2.8827343,"children":null},"RequestDecision":{"count":14733936,"self":12.426096,"total":86.3788828,"children":{"AgentInfo.ToProto":{"count":14733936,"self":9.549404,"total":73.9527868,"children":{"GenerateSensorData":{"count":14733936,"self":64.403385599999993,"total":64.4033827,"children":null}}}}}}},"DecideAction":{"count":789296,"self":3450.7464704,"total":3450.7464744999997,"children":null},"AgentAct":{"count":789296,"self":49.800009599999996,"total":49.942992499999995,"children":{"AgentInfo.ToProto":{"count":18381,"self":0.028736699999999997,"total":0.14298349999999999,"children":{"GenerateSensorData":{"count":18381,"self":0.1142468,"total":0.1142468,"children":null}}}}},"AgentInfo.ToProto":{"count":52259,"self":0.13907339999999999,"total":0.61563899999999994,"children":{"GenerateSensorData":{"count":52259,"self":0.4765656,"total":0.4765656,"children":null}}}},"gauges":{"MoveToOpponent.CumulativeReward":{"count":70640,"max":151.289246,"min":-168.664886,"runningAverage":70.54167,"value":133.936279,"weightedAverage":112.145195}},"metadata":{"timer_format_version":"0.1.0","start_time_seconds":"1690392030","unity_version":"2021.3.28f1","command_line_arguments":"C:\\Program Files\\Unity\\Hub\\Editor\\2021.3.28f1\\Editor\\Unity.exe -projectpath C:\\Users\\Ezra\\Gladiator -useHub -hubIPC -cloudEnvironment production -licensingIpc LicenseClient-Ezra -hubSessionId 663fd331-3512-4019-bdac-847f79ee3bc4 -accessToken c3GSXXfrc1QLNHri6TR5PGf5Ubbc0ppsJegX_YOYsfU001f","communication_protocol_version":"1.5.0","com.unity.ml-agents_version":"2.0.1","scene_name":"TrainingGrounds","end_time_seconds":"1690397347"}}