{
    "name": "root",
    "gauges": {
        "MoveToOpponent.Policy.Entropy.mean": {
            "value": 1.5712518692016602,
            "min": 1.5524184703826904,
            "max": 2.104822874069214,
            "count": 80
        },
        "MoveToOpponent.Policy.Entropy.sum": {
            "value": 39482.41796875,
            "min": 38524.81640625,
            "max": 53748.7578125,
            "count": 80
        },
        "MoveToOpponent.Step.mean": {
            "value": 1999996.0,
            "min": 24972.0,
            "max": 1999996.0,
            "count": 80
        },
        "MoveToOpponent.Step.sum": {
            "value": 1999996.0,
            "min": 24972.0,
            "max": 1999996.0,
            "count": 80
        },
        "MoveToOpponent.Policy.ExtrinsicValueEstimate.mean": {
            "value": 97.80257415771484,
            "min": -28.126361846923828,
            "max": 100.25273132324219,
            "count": 80
        },
        "MoveToOpponent.Policy.ExtrinsicValueEstimate.sum": {
            "value": 51346.3515625,
            "min": -13894.4228515625,
            "max": 52927.03125,
            "count": 80
        },
        "MoveToOpponent.Environment.EpisodeLength.mean": {
            "value": 83.70608108108108,
            "min": 81.82508250825083,
            "max": 198.56666666666666,
            "count": 80
        },
        "MoveToOpponent.Environment.EpisodeLength.sum": {
            "value": 24777.0,
            "min": 23799.0,
            "max": 25509.0,
            "count": 80
        },
        "MoveToOpponent.Environment.CumulativeReward.mean": {
            "value": 170.9636610432251,
            "min": -103.61435680836439,
            "max": 171.7172521904111,
            "count": 80
        },
        "MoveToOpponent.Environment.CumulativeReward.sum": {
            "value": 50605.24366879463,
            "min": -12433.722817003727,
            "max": 50605.24366879463,
            "count": 80
        },
        "MoveToOpponent.Policy.ExtrinsicReward.mean": {
            "value": 170.9636610432251,
            "min": -103.61435680836439,
            "max": 171.7172521904111,
            "count": 80
        },
        "MoveToOpponent.Policy.ExtrinsicReward.sum": {
            "value": 50605.24366879463,
            "min": -12433.722817003727,
            "max": 50605.24366879463,
            "count": 80
        },
        "MoveToOpponent.Losses.PolicyLoss.mean": {
            "value": 0.0209899795227102,
            "min": 0.016641584141127003,
            "max": 0.029089493405990652,
            "count": 80
        },
        "MoveToOpponent.Losses.PolicyLoss.sum": {
            "value": 0.0629699385681306,
            "min": 0.03328316828225401,
            "max": 0.08126684171972254,
            "count": 80
        },
        "MoveToOpponent.Losses.ValueLoss.mean": {
            "value": 566.268561469184,
            "min": 28.61949023911447,
            "max": 595.0856643676757,
            "count": 80
        },
        "MoveToOpponent.Losses.ValueLoss.sum": {
            "value": 1698.805684407552,
            "min": 57.23898047822894,
            "max": 1698.805684407552,
            "count": 80
        },
        "MoveToOpponent.Policy.LearningRate.mean": {
            "value": 1.74514941831667e-06,
            "min": 1.74514941831667e-06,
            "max": 0.00029750145083285004,
            "count": 80
        },
        "MoveToOpponent.Policy.LearningRate.sum": {
            "value": 5.23544825495001e-06,
            "min": 5.23544825495001e-06,
            "max": 0.0008610655629781499,
            "count": 80
        },
        "MoveToOpponent.Policy.Epsilon.mean": {
            "value": 0.10058168333333334,
            "min": 0.10058168333333334,
            "max": 0.19916715000000002,
            "count": 80
        },
        "MoveToOpponent.Policy.Epsilon.sum": {
            "value": 0.30174505,
            "min": 0.20373660000000005,
            "max": 0.5870218500000001,
            "count": 80
        },
        "MoveToOpponent.Policy.Beta.mean": {
            "value": 0.0005000000000000001,
            "min": 0.0005,
            "max": 0.0005000000000000001,
            "count": 80
        },
        "MoveToOpponent.Policy.Beta.sum": {
            "value": 0.0015000000000000005,
            "min": 0.001,
            "max": 0.0015000000000000005,
            "count": 80
        },
        "MoveToOpponent.IsTraining.mean": {
            "value": 1.0,
            "min": 1.0,
            "max": 1.0,
            "count": 80
        },
        "MoveToOpponent.IsTraining.sum": {
            "value": 1.0,
            "min": 1.0,
            "max": 1.0,
            "count": 80
        }
    },
    "metadata": {
        "timer_format_version": "0.1.0",
        "start_time_seconds": "1690301150",
        "python_version": "3.9.7 (tags/v3.9.7:1016ef3, Aug 30 2021, 20:19:38) [MSC v.1929 64 bit (AMD64)]",
        "command_line_arguments": "C:\\Users\\Ezra\\Gladiator\\venv\\Scripts\\mlagents-learn config\\moveToOpponent.yaml --torch-device=cuda --run-id=MoveToTarget_Custom_MissesMatter_LowLearnRate_BigNN --force",
        "mlagents_version": "0.30.0",
        "mlagents_envs_version": "0.30.0",
        "communication_protocol_version": "1.5.0",
        "pytorch_version": "2.0.1+cu117",
        "numpy_version": "1.21.2",
        "end_time_seconds": "1690301953"
    },
    "total": 803.3776543,
    "count": 1,
    "self": 0.0038505000001123335,
    "children": {
        "run_training.setup": {
            "total": 0.05717250000000007,
            "count": 1,
            "self": 0.05717250000000007
        },
        "TrainerController.start_learning": {
            "total": 803.3166312999999,
            "count": 1,
            "self": 0.9791305000161401,
            "children": {
                "TrainerController._reset_env": {
                    "total": 16.4042407,
                    "count": 1,
                    "self": 16.4042407
                },
                "TrainerController.advance": {
                    "total": 785.8886368999839,
                    "count": 95108,
                    "self": 0.7982081999870161,
                    "children": {
                        "env_step": {
                            "total": 537.4945048999916,
                            "count": 95108,
                            "self": 394.7760596000055,
                            "children": {
                                "SubprocessEnvManager._take_step": {
                                    "total": 142.1610381000001,
                                    "count": 95108,
                                    "self": 2.862029600012363,
                                    "children": {
                                        "TorchPolicy.evaluate": {
                                            "total": 139.29900849998774,
                                            "count": 83368,
                                            "self": 139.29900849998774
                                        }
                                    }
                                },
                                "workers": {
                                    "total": 0.5574071999860379,
                                    "count": 95108,
                                    "self": 0.0,
                                    "children": {
                                        "worker_root": {
                                            "total": 786.4982085999853,
                                            "count": 95108,
                                            "is_parallel": true,
                                            "self": 448.0887644999868,
                                            "children": {
                                                "steps_from_proto": {
                                                    "total": 0.0002782000000003393,